1;/immobilien/wohnung/dachgeschosswohnung/vorarlberg/bregenz/191304?searchPageNumber=1;2022-07-08
2;/immobilien/wohnung/allgemein/vorarlberg/dornbirn/189100?searchPageNumber=1;2022-07-08
3;/immobilien/wohnung/penthousewohnung/vorarlberg/feldkirch/188512?searchPageNumber=1;2022-07-08
4;/immobilien/wohnung/allgemein/vorarlberg/bregenz/185972?searchPageNumber=1;2022-07-08
5;/immobilien/wohnung/souterrain/vorarlberg/bregenz/171647?searchPageNumber=1;2022-07-08
6;/immobilien/wohnung/souterrain/vorarlberg/bregenz/171646?searchPageNumber=1;2022-07-08
7;/immobilien/wohnung/allgemein/vorarlberg/bregenz/171637?searchPageNumber=1;2022-07-08
8;/immobilien/wohnung/allgemein/vorarlberg/feldkirch/191201?searchPageNumber=1;2022-07-08
9;/immobilien/wohnung/gartenwohnung/vorarlberg/feldkirch/190191?searchPageNumber=1;2022-07-08
10;/immobilien/wohnung/allgemein/vorarlberg/bregenz/191619?searchPageNumber=1;2022-07-08
11;/immobilien/wohnung/allgemein/vorarlberg/bregenz/191618?searchPageNumber=1;2022-07-08
12;/immobilien/wohnung/allgemein/vorarlberg/feldkirch/191579?searchPageNumber=1;2022-07-08
13;/immobilien/wohnung/allgemein/vorarlberg/dornbirn/191278?searchPageNumber=1;2022-07-08
14;/immobilien/wohnung/allgemein/vorarlberg/dornbirn/190309?searchPageNumber=1;2022-07-08
15;/immobilien/wohnung/allgemein/vorarlberg/feldkirch/186876?searchPageNumber=1;2022-07-08
16;/immobilien/wohnung/allgemein/vorarlberg/feldkirch/186286?searchPageNumber=2;2022-07-08
17;/immobilien/wohnung/maisonette/vorarlberg/feldkirch/183124?searchPageNumber=2;2022-07-08
18;/immobilien/wohnung/allgemein/vorarlberg/dornbirn/182927?searchPageNumber=2;2022-07-08
19;/immobilien/wohnung/allgemein/vorarlberg/dornbirn/182926?searchPageNumber=2;2022-07-08
20;/immobilien/wohnung/allgemein/vorarlberg/feldkirch/186612?searchPageNumber=2;2022-07-08
21;/immobilien/wohnung/allgemein/vorarlberg/bregenz/191577?searchPageNumber=2;2022-07-08
22;/immobilien/wohnung/terrassenwohnung/vorarlberg/feldkirch/191365?searchPageNumber=2;2022-07-08
23;/immobilien/wohnung/allgemein/vorarlberg/feldkirch/188945?searchPageNumber=2;2022-07-08
24;/immobilien/wohnung/allgemein/vorarlberg/feldkirch/191605?searchPageNumber=2;2022-07-08
25;/immobilien/wohnung/allgemein/vorarlberg/feldkirch/178786?searchPageNumber=2;2022-07-08
26;/immobilien/wohnung/allgemein/vorarlberg/feldkirch/173638?searchPageNumber=2;2022-07-08
27;/immobilien/wohnung/allgemein/vorarlberg/feldkirch/178752?searchPageNumber=2;2022-07-08
28;/immobilien/wohnung/allgemein/vorarlberg/bludenz/191615?searchPageNumber=2;2022-07-08
29;/immobilien/wohnung/allgemein/vorarlberg/bregenz/189763?searchPageNumber=2;2022-07-08
30;/immobilien/wohnung/dachgeschosswohnung/vorarlberg/dornbirn/187583?searchPageNumber=2;2022-07-08
31;/immobilien/wohnung/allgemein/vorarlberg/feldkirch/183851?searchPageNumber=3;2022-07-08
32;/immobilien/wohnung/allgemein/vorarlberg/bregenz/171359?searchPageNumber=3;2022-07-08
33;/immobilien/wohnung/allgemein/vorarlberg/feldkirch/154445?searchPageNumber=3;2022-07-08
34;/immobilien/wohnung/allgemein/vorarlberg/feldkirch/153011?searchPageNumber=3;2022-07-08
35;/immobilien/wohnung/allgemein/vorarlberg/dornbirn/147507?searchPageNumber=3;2022-07-08
36;/immobilien/wohnung/allgemein/vorarlberg/bregenz/143946?searchPageNumber=3;2022-07-08
37;/immobilien/wohnung/allgemein/vorarlberg/bregenz/140854?searchPageNumber=3;2022-07-08
38;/immobilien/wohnung/allgemein/vorarlberg/feldkirch/188053?searchPageNumber=3;2022-07-08
39;/immobilien/wohnung/allgemein/vorarlberg/feldkirch/188052?searchPageNumber=3;2022-07-08
40;/immobilien/wohnung/allgemein/vorarlberg/bregenz/190150?searchPageNumber=3;2022-07-08
41;/immobilien/wohnung/allgemein/vorarlberg/bregenz/190149?searchPageNumber=3;2022-07-08
42;/immobilien/wohnung/allgemein/vorarlberg/bregenz/190148?searchPageNumber=3;2022-07-08
43;/immobilien/wohnung/allgemein/vorarlberg/bregenz/190147?searchPageNumber=3;2022-07-08
44;/immobilien/wohnung/allgemein/vorarlberg/bregenz/190146?searchPageNumber=3;2022-07-08
45;/immobilien/wohnung/allgemein/vorarlberg/bregenz/191296?searchPageNumber=3;2022-07-08
46;/immobilien/wohnung/allgemein/vorarlberg/bregenz/191255?searchPageNumber=4;2022-07-08
47;/immobilien/wohnung/allgemein/vorarlberg/bregenz/190803?searchPageNumber=4;2022-07-08
48;/immobilien/wohnung/allgemein/vorarlberg/bregenz/190151?searchPageNumber=4;2022-07-08
49;/immobilien/wohnung/allgemein/vorarlberg/bregenz/190145?searchPageNumber=4;2022-07-08
50;/immobilien/wohnung/allgemein/vorarlberg/bregenz/190103?searchPageNumber=4;2022-07-08
51;/immobilien/wohnung/allgemein/vorarlberg/feldkirch/185072?searchPageNumber=4;2022-07-08
52;/immobilien/wohnung/allgemein/vorarlberg/dornbirn/191189?searchPageNumber=4;2022-07-08
53;/immobilien/wohnung/terrassenwohnung/vorarlberg/feldkirch/188754?searchPageNumber=4;2022-07-08
54;/immobilien/wohnung/terrassenwohnung/vorarlberg/feldkirch/153386?searchPageNumber=4;2022-07-08
55;/immobilien/wohnung/allgemein/vorarlberg/feldkirch/191596?searchPageNumber=4;2022-07-08
56;/immobilien/wohnung/allgemein/vorarlberg/dornbirn/170291?searchPageNumber=4;2022-07-08
57;/immobilien/wohnung/allgemein/vorarlberg/bregenz/191440?searchPageNumber=4;2022-07-08
58;/immobilien/wohnung/allgemein/vorarlberg/bregenz/191340?searchPageNumber=4;2022-07-08
59;/immobilien/wohnung/allgemein/vorarlberg/bludenz/191188?searchPageNumber=4;2022-07-08
60;/immobilien/wohnung/allgemein/vorarlberg/bregenz/190323?searchPageNumber=4;2022-07-08
61;/immobilien/wohnung/allgemein/vorarlberg/bregenz/190178?searchPageNumber=5;2022-07-08
62;/immobilien/wohnung/penthousewohnung/vorarlberg/feldkirch/189742?searchPageNumber=5;2022-07-08
63;/immobilien/wohnung/allgemein/vorarlberg/bregenz/187739?searchPageNumber=5;2022-07-08
64;/immobilien/wohnung/dachgeschosswohnung/vorarlberg/dornbirn/185796?searchPageNumber=5;2022-07-08
65;/immobilien/wohnung/terrassenwohnung/vorarlberg/bregenz/191241?searchPageNumber=5;2022-07-08
66;/immobilien/wohnung/allgemein/vorarlberg/feldkirch/191310?searchPageNumber=5;2022-07-08
67;/immobilien/wohnung/allgemein/vorarlberg/feldkirch/190319?searchPageNumber=5;2022-07-08
68;/immobilien/wohnung/allgemein/vorarlberg/dornbirn/189584?searchPageNumber=5;2022-07-08
69;/immobilien/wohnung/allgemein/vorarlberg/feldkirch/188523?searchPageNumber=5;2022-07-08
70;/immobilien/wohnung/allgemein/vorarlberg/bregenz/188277?searchPageNumber=5;2022-07-08
71;/immobilien/wohnung/allgemein/vorarlberg/feldkirch/186895?searchPageNumber=5;2022-07-08
72;/immobilien/wohnung/allgemein/vorarlberg/dornbirn/186702?searchPageNumber=5;2022-07-08
73;/immobilien/wohnung/allgemein/vorarlberg/feldkirch/186894?searchPageNumber=5;2022-07-08
74;/immobilien/wohnung/allgemein/vorarlberg/bregenz/186891?searchPageNumber=5;2022-07-08
75;/immobilien/wohnung/allgemein/vorarlberg/feldkirch/186889?searchPageNumber=5;2022-07-08
76;/immobilien/wohnung/allgemein/vorarlberg/feldkirch/184807?searchPageNumber=6;2022-07-08
77;/immobilien/wohnung/allgemein/vorarlberg/dornbirn/184301?searchPageNumber=6;2022-07-08
78;/immobilien/wohnung/allgemein/vorarlberg/feldkirch/183134?searchPageNumber=6;2022-07-08
79;/immobilien/wohnung/allgemein/vorarlberg/feldkirch/178673?searchPageNumber=6;2022-07-08
80;/immobilien/wohnung/dachgeschosswohnung/vorarlberg/dornbirn/177772?searchPageNumber=6;2022-07-08
81;/immobilien/wohnung/allgemein/vorarlberg/feldkirch/177710?searchPageNumber=6;2022-07-08
82;/immobilien/wohnung/allgemein/vorarlberg/feldkirch/177706?searchPageNumber=6;2022-07-08
83;/immobilien/wohnung/allgemein/vorarlberg/feldkirch/177705?searchPageNumber=6;2022-07-08
84;/immobilien/wohnung/allgemein/vorarlberg/feldkirch/177704?searchPageNumber=6;2022-07-08
85;/immobilien/wohnung/allgemein/vorarlberg/feldkirch/177701?searchPageNumber=6;2022-07-08
86;/immobilien/wohnung/allgemein/vorarlberg/bregenz/177366?searchPageNumber=6;2022-07-08
87;/immobilien/wohnung/allgemein/vorarlberg/feldkirch/177700?searchPageNumber=6;2022-07-08
88;/immobilien/wohnung/allgemein/vorarlberg/feldkirch/177699?searchPageNumber=6;2022-07-08
89;/immobilien/wohnung/allgemein/vorarlberg/feldkirch/177697?searchPageNumber=6;2022-07-08
90;/immobilien/wohnung/allgemein/vorarlberg/feldkirch/177696?searchPageNumber=6;2022-07-08
91;/immobilien/wohnung/allgemein/vorarlberg/feldkirch/177695?searchPageNumber=7;2022-07-08
92;/immobilien/wohnung/allgemein/vorarlberg/feldkirch/177694?searchPageNumber=7;2022-07-08
93;/immobilien/wohnung/allgemein/vorarlberg/feldkirch/177693?searchPageNumber=7;2022-07-08
94;/immobilien/wohnung/allgemein/vorarlberg/feldkirch/177691?searchPageNumber=7;2022-07-08
95;/immobilien/wohnung/allgemein/vorarlberg/feldkirch/177689?searchPageNumber=7;2022-07-08
96;/immobilien/wohnung/allgemein/vorarlberg/feldkirch/177688?searchPageNumber=7;2022-07-08
97;/immobilien/wohnung/allgemein/vorarlberg/feldkirch/177687?searchPageNumber=7;2022-07-08
98;/immobilien/wohnung/allgemein/vorarlberg/feldkirch/177682?searchPageNumber=7;2022-07-08
99;/immobilien/wohnung/allgemein/vorarlberg/feldkirch/177681?searchPageNumber=7;2022-07-08
100;/immobilien/wohnung/allgemein/vorarlberg/feldkirch/177680?searchPageNumber=7;2022-07-08
101;/immobilien/wohnung/allgemein/vorarlberg/feldkirch/177679?searchPageNumber=7;2022-07-08
102;/immobilien/wohnung/allgemein/vorarlberg/feldkirch/177678?searchPageNumber=7;2022-07-08
103;/immobilien/wohnung/allgemein/vorarlberg/feldkirch/160971?searchPageNumber=7;2022-07-08
104;/immobilien/wohnung/allgemein/vorarlberg/feldkirch/156042?searchPageNumber=7;2022-07-08
105;/immobilien/wohnung/dachgeschosswohnung/vorarlberg/dornbirn/155847?searchPageNumber=7;2022-07-08
106;/immobilien/wohnung/allgemein/vorarlberg/bregenz/191100?searchPageNumber=8;2022-07-08
107;/immobilien/wohnung/allgemein/vorarlberg/feldkirch/191099?searchPageNumber=8;2022-07-08
108;/immobilien/wohnung/allgemein/vorarlberg/dornbirn/189582?searchPageNumber=8;2022-07-08
109;/immobilien/wohnung/allgemein/vorarlberg/bregenz/188687?searchPageNumber=8;2022-07-08
110;/immobilien/wohnung/dachgeschosswohnung/vorarlberg/bregenz/188685?searchPageNumber=8;2022-07-08
111;/immobilien/wohnung/allgemein/vorarlberg/bregenz/188684?searchPageNumber=8;2022-07-08
112;/immobilien/wohnung/allgemein/vorarlberg/bregenz/186280?searchPageNumber=8;2022-07-08
113;/immobilien/wohnung/allgemein/vorarlberg/bregenz/164243?searchPageNumber=8;2022-07-08
114;/immobilien/wohnung/terrassenwohnung/vorarlberg/dornbirn/191591?searchPageNumber=8;2022-07-08
115;/immobilien/wohnung/allgemein/vorarlberg/feldkirch/191163?searchPageNumber=8;2022-07-08
116;/immobilien/wohnung/allgemein/vorarlberg/feldkirch/190706?searchPageNumber=8;2022-07-08
117;/immobilien/wohnung/allgemein/vorarlberg/feldkirch/191592?searchPageNumber=8;2022-07-08
118;/immobilien/wohnung/terrassenwohnung/vorarlberg/bregenz/190541?searchPageNumber=8;2022-07-08
119;/immobilien/wohnung/allgemein/vorarlberg/bregenz/189937?searchPageNumber=8;2022-07-08
120;/immobilien/wohnung/allgemein/vorarlberg/feldkirch/149769?searchPageNumber=8;2022-07-08
121;/immobilien/wohnung/allgemein/vorarlberg/bludenz/153161?searchPageNumber=9;2022-07-08
122;/immobilien/wohnung/allgemein/vorarlberg/feldkirch/140822?searchPageNumber=9;2022-07-08
123;/immobilien/wohnung/terrassenwohnung/vorarlberg/dornbirn/173566?searchPageNumber=9;2022-07-08
124;/immobilien/wohnung/allgemein/vorarlberg/feldkirch/191329?searchPageNumber=9;2022-07-08
125;/immobilien/wohnung/allgemein/vorarlberg/feldkirch/191328?searchPageNumber=9;2022-07-08
126;/immobilien/wohnung/terrassenwohnung/vorarlberg/bregenz/191378?searchPageNumber=9;2022-07-08
127;/immobilien/wohnung/dachgeschosswohnung/vorarlberg/feldkirch/187090?searchPageNumber=9;2022-07-08
128;/immobilien/wohnung/allgemein/vorarlberg/feldkirch/183137?searchPageNumber=9;2022-07-08
129;/immobilien/wohnung/penthousewohnung/vorarlberg/bregenz/191377?searchPageNumber=9;2022-07-08
130;/immobilien/wohnung/terrassenwohnung/vorarlberg/bregenz/191299?searchPageNumber=9;2022-07-08
131;/immobilien/wohnung/terrassenwohnung/vorarlberg/bregenz/190707?searchPageNumber=9;2022-07-08
132;/immobilien/wohnung/terrassenwohnung/vorarlberg/bregenz/191075?searchPageNumber=9;2022-07-08
133;/immobilien/wohnung/terrassenwohnung/vorarlberg/feldkirch/191088?searchPageNumber=9;2022-07-08
134;/immobilien/wohnung/terrassenwohnung/vorarlberg/feldkirch/190693?searchPageNumber=9;2022-07-08
135;/immobilien/wohnung/terrassenwohnung/vorarlberg/bludenz/189323?searchPageNumber=9;2022-07-08
136;/immobilien/wohnung/terrassenwohnung/vorarlberg/bludenz/190694?searchPageNumber=10;2022-07-08
137;/immobilien/wohnung/terrassenwohnung/vorarlberg/feldkirch/189556?searchPageNumber=10;2022-07-08
138;/immobilien/wohnung/dachgeschosswohnung/vorarlberg/feldkirch/190322?searchPageNumber=10;2022-07-08
139;/immobilien/wohnung/allgemein/vorarlberg/feldkirch/190138?searchPageNumber=10;2022-07-08
140;/immobilien/wohnung/allgemein/vorarlberg/bregenz/185287?searchPageNumber=10;2022-07-08
141;/immobilien/wohnung/terrassenwohnung/vorarlberg/bregenz/184725?searchPageNumber=10;2022-07-08
142;/immobilien/wohnung/allgemein/vorarlberg/feldkirch/184546?searchPageNumber=10;2022-07-08
143;/immobilien/wohnung/terrassenwohnung/vorarlberg/bludenz/188227?searchPageNumber=10;2022-07-08
144;/immobilien/wohnung/gartenwohnung/vorarlberg/bregenz/185921?searchPageNumber=10;2022-07-08
145;/immobilien/wohnung/terrassenwohnung/vorarlberg/feldkirch/189108?searchPageNumber=10;2022-07-08
146;/immobilien/wohnung/terrassenwohnung/vorarlberg/bregenz/189933?searchPageNumber=10;2022-07-08
147;/immobilien/wohnung/allgemein/vorarlberg/dornbirn/190099?searchPageNumber=10;2022-07-08
148;/immobilien/wohnung/terrassenwohnung/vorarlberg/bregenz/190094?searchPageNumber=10;2022-07-08
149;/immobilien/wohnung/terrassenwohnung/vorarlberg/bludenz/191297?searchPageNumber=10;2022-07-08
150;/immobilien/wohnung/terrassenwohnung/vorarlberg/bregenz/191566?searchPageNumber=10;2022-07-08
151;/immobilien/wohnung/gartenwohnung/vorarlberg/bregenz/191422?searchPageNumber=11;2022-07-08
152;/immobilien/wohnung/terrassenwohnung/vorarlberg/dornbirn/190805?searchPageNumber=11;2022-07-08
153;/immobilien/wohnung/terrassenwohnung/vorarlberg/dornbirn/189945?searchPageNumber=11;2022-07-08
154;/immobilien/wohnung/terrassenwohnung/vorarlberg/feldkirch/190382?searchPageNumber=11;2022-07-08
155;/immobilien/wohnung/terrassenwohnung/vorarlberg/feldkirch/190112?searchPageNumber=11;2022-07-08
156;/immobilien/wohnung/terrassenwohnung/vorarlberg/bludenz/189750?searchPageNumber=11;2022-07-08
157;/immobilien/wohnung/terrassenwohnung/vorarlberg/dornbirn/188740?searchPageNumber=11;2022-07-08
158;/immobilien/wohnung/allgemein/vorarlberg/dornbirn/184723?searchPageNumber=11;2022-07-08
159;/immobilien/wohnung/terrassenwohnung/vorarlberg/dornbirn/188729?searchPageNumber=11;2022-07-08
160;/immobilien/wohnung/allgemein/vorarlberg/dornbirn/181208?searchPageNumber=11;2022-07-08
161;/immobilien/wohnung/allgemein/vorarlberg/dornbirn/188255?searchPageNumber=11;2022-07-08
162;/immobilien/wohnung/maisonette/vorarlberg/feldkirch/191108?searchPageNumber=11;2022-07-08
163;/immobilien/wohnung/allgemein/vorarlberg/dornbirn/191415?searchPageNumber=11;2022-07-08
164;/immobilien/wohnung/allgemein/vorarlberg/dornbirn/191414?searchPageNumber=11;2022-07-08
165;/immobilien/wohnung/allgemein/vorarlberg/bregenz/190945?searchPageNumber=11;2022-07-08
166;/immobilien/wohnung/allgemein/vorarlberg/dornbirn/185978?searchPageNumber=12;2022-07-08
167;/immobilien/wohnung/allgemein/vorarlberg/bregenz/173708?searchPageNumber=12;2022-07-08
168;/immobilien/wohnung/allgemein/vorarlberg/bregenz/166231?searchPageNumber=12;2022-07-08
169;/immobilien/wohnung/allgemein/vorarlberg/feldkirch/183067?searchPageNumber=12;2022-07-08
170;/immobilien/wohnung/allgemein/vorarlberg/bregenz/183063?searchPageNumber=12;2022-07-08
171;/immobilien/wohnung/penthousewohnung/vorarlberg/bregenz/182605?searchPageNumber=12;2022-07-08
172;/immobilien/wohnung/allgemein/vorarlberg/dornbirn/146371?searchPageNumber=12;2022-07-08
173;/immobilien/wohnung/allgemein/vorarlberg/dornbirn/114340?searchPageNumber=12;2022-07-08
174;/immobilien/wohnung/allgemein/vorarlberg/dornbirn/58596?searchPageNumber=12;2022-07-08
175;/immobilien/wohnung/allgemein/vorarlberg/feldkirch/179586?searchPageNumber=12;2022-07-08
176;/immobilien/wohnung/allgemein/vorarlberg/bregenz/148449?searchPageNumber=12;2022-07-08
177;/immobilien/wohnung/dachgeschosswohnung/vorarlberg/bregenz/131477?searchPageNumber=12;2022-07-08
178;/immobilien/wohnung/allgemein/vorarlberg/dornbirn/129884?searchPageNumber=12;2022-07-08
179;/immobilien/wohnung/allgemein/vorarlberg/feldkirch/191359?searchPageNumber=12;2022-07-08
180;/immobilien/wohnung/allgemein/vorarlberg/bludenz/190393?searchPageNumber=12;2022-07-08
181;/immobilien/wohnung/allgemein/vorarlberg/feldkirch/190367?searchPageNumber=13;2022-07-08
182;/immobilien/wohnung/allgemein/vorarlberg/dornbirn/191589?searchPageNumber=13;2022-07-08
183;/immobilien/wohnung/maisonette/vorarlberg/dornbirn/191433?searchPageNumber=13;2022-07-08
184;/immobilien/wohnung/allgemein/vorarlberg/dornbirn/191358?searchPageNumber=13;2022-07-08
185;/immobilien/wohnung/allgemein/vorarlberg/bregenz/189551?searchPageNumber=13;2022-07-08
186;/immobilien/wohnung/dachgeschosswohnung/vorarlberg/bregenz/188959?searchPageNumber=13;2022-07-08
187;/immobilien/wohnung/allgemein/vorarlberg/dornbirn/188905?searchPageNumber=13;2022-07-08
188;/immobilien/wohnung/allgemein/vorarlberg/dornbirn/185527?searchPageNumber=13;2022-07-08
189;/immobilien/wohnung/allgemein/vorarlberg/dornbirn/183701?searchPageNumber=13;2022-07-08
190;/immobilien/wohnung/allgemein/vorarlberg/dornbirn/189572?searchPageNumber=13;2022-07-08
191;/immobilien/wohnung/allgemein/vorarlberg/dornbirn/189166?searchPageNumber=13;2022-07-08
192;/immobilien/wohnung/allgemein/vorarlberg/dornbirn/190388?searchPageNumber=13;2022-07-08
193;/immobilien/wohnung/dachgeschosswohnung/vorarlberg/bregenz/190324?searchPageNumber=13;2022-07-08
194;/immobilien/wohnung/terrassenwohnung/vorarlberg/bregenz/188770?searchPageNumber=13;2022-07-08
195;/immobilien/wohnung/allgemein/vorarlberg/dornbirn/188329?searchPageNumber=13;2022-07-08
196;/immobilien/wohnung/allgemein/vorarlberg/dornbirn/188327?searchPageNumber=14;2022-07-08
197;/immobilien/wohnung/allgemein/vorarlberg/dornbirn/188324?searchPageNumber=14;2022-07-08
198;/immobilien/wohnung/allgemein/vorarlberg/dornbirn/188323?searchPageNumber=14;2022-07-08
199;/immobilien/wohnung/allgemein/vorarlberg/dornbirn/188322?searchPageNumber=14;2022-07-08
200;/immobilien/wohnung/allgemein/vorarlberg/bregenz/188955?searchPageNumber=14;2022-07-08
201;/immobilien/wohnung/allgemein/vorarlberg/dornbirn/188321?searchPageNumber=14;2022-07-08
202;/immobilien/wohnung/terrassenwohnung/vorarlberg/bregenz/181804?searchPageNumber=14;2022-07-08
203;/immobilien/wohnung/allgemein/vorarlberg/dornbirn/190356?searchPageNumber=14;2022-07-08
204;/immobilien/wohnung/terrassenwohnung/vorarlberg/dornbirn/190301?searchPageNumber=14;2022-07-08
205;/immobilien/wohnung/terrassenwohnung/vorarlberg/dornbirn/189321?searchPageNumber=14;2022-07-08
206;/immobilien/wohnung/allgemein/vorarlberg/dornbirn/187307?searchPageNumber=14;2022-07-08
207;/immobilien/wohnung/allgemein/vorarlberg/feldkirch/191436?searchPageNumber=14;2022-07-08
208;/immobilien/wohnung/allgemein/vorarlberg/feldkirch/191144?searchPageNumber=14;2022-07-08
209;/immobilien/wohnung/allgemein/vorarlberg/dornbirn/190801?searchPageNumber=14;2022-07-08
210;/immobilien/wohnung/allgemein/vorarlberg/dornbirn/190549?searchPageNumber=14;2022-07-08
211;/immobilien/wohnung/allgemein/vorarlberg/bregenz/190300?searchPageNumber=15;2022-07-08
212;/immobilien/wohnung/allgemein/vorarlberg/feldkirch/190182?searchPageNumber=15;2022-07-08
213;/immobilien/wohnung/allgemein/vorarlberg/dornbirn/189115?searchPageNumber=15;2022-07-08
214;/immobilien/wohnung/terrassenwohnung/vorarlberg/dornbirn/189097?searchPageNumber=15;2022-07-08
215;/immobilien/wohnung/allgemein/vorarlberg/dornbirn/187278?searchPageNumber=15;2022-07-08
216;/immobilien/wohnung/allgemein/vorarlberg/feldkirch/190366?searchPageNumber=15;2022-07-08
217;/immobilien/wohnung/allgemein/vorarlberg/bludenz/191586?searchPageNumber=15;2022-07-08
218;/immobilien/wohnung/terrassenwohnung/vorarlberg/feldkirch/189942?searchPageNumber=15;2022-07-08
219;/immobilien/wohnung/dachgeschosswohnung/vorarlberg/feldkirch/143972?searchPageNumber=15;2022-07-08
220;/immobilien/wohnung/maisonette/vorarlberg/feldkirch/190934?searchPageNumber=15;2022-07-08
221;/immobilien/wohnung/terrassenwohnung/vorarlberg/bregenz/146953?searchPageNumber=15;2022-07-08
222;/immobilien/wohnung/allgemein/vorarlberg/feldkirch/190949?searchPageNumber=15;2022-07-08
223;/immobilien/wohnung/terrassenwohnung/vorarlberg/feldkirch/190132?searchPageNumber=15;2022-07-08
224;/immobilien/wohnung/gartenwohnung/vorarlberg/feldkirch/190792?searchPageNumber=15;2022-07-08
225;/immobilien/wohnung/allgemein/vorarlberg/feldkirch/138433?_f=to&searchPageNumber=15;2022-07-08
226;/immobilien/wohnung/allgemein/vorarlberg/dornbirn/190384?searchPageNumber=16;2022-07-08
227;/immobilien/wohnung/terrassenwohnung/vorarlberg/bludenz/191253?searchPageNumber=16;2022-07-08
228;/immobilien/wohnung/allgemein/vorarlberg/feldkirch/188238?searchPageNumber=16;2022-07-08
229;/immobilien/wohnung/maisonette/vorarlberg/feldkirch/187609?searchPageNumber=16;2022-07-08
230;/immobilien/wohnung/dachgeschosswohnung/vorarlberg/feldkirch/189322?searchPageNumber=16;2022-07-08
231;/immobilien/wohnung/gartenwohnung/vorarlberg/feldkirch/191443?searchPageNumber=16;2022-07-08
232;/immobilien/wohnung/allgemein/vorarlberg/bregenz/188247?searchPageNumber=16;2022-07-08
233;/immobilien/wohnung/allgemein/vorarlberg/feldkirch/185285?searchPageNumber=16;2022-07-08
234;/immobilien/wohnung/dachgeschosswohnung/vorarlberg/feldkirch/184260?searchPageNumber=16;2022-07-08
235;/immobilien/wohnung/allgemein/vorarlberg/dornbirn/180590?searchPageNumber=16;2022-07-08
236;/immobilien/wohnung/gartenwohnung/vorarlberg/dornbirn/182113?searchPageNumber=16;2022-07-08
237;/immobilien/wohnung/dachgeschosswohnung/vorarlberg/dornbirn/150666?searchPageNumber=16;2022-07-08
238;/immobilien/wohnung/allgemein/vorarlberg/feldkirch/188950?searchPageNumber=16;2022-07-08
239;/immobilien/wohnung/dachgeschosswohnung/vorarlberg/feldkirch/191168?searchPageNumber=16;2022-07-08
240;/immobilien/wohnung/dachgeschosswohnung/vorarlberg/feldkirch/185989?searchPageNumber=16;2022-07-08
241;/immobilien/wohnung/allgemein/vorarlberg/feldkirch/185091?searchPageNumber=17;2022-07-08
242;/immobilien/wohnung/dachgeschosswohnung/vorarlberg/feldkirch/188952?searchPageNumber=17;2022-07-08
243;/immobilien/wohnung/allgemein/vorarlberg/feldkirch/181749?searchPageNumber=17;2022-07-08
244;/immobilien/wohnung/allgemein/vorarlberg/bregenz/185767?searchPageNumber=17;2022-07-08
245;/immobilien/wohnung/allgemein/vorarlberg/feldkirch/186334?searchPageNumber=17;2022-07-08
246;/immobilien/wohnung/gartenwohnung/vorarlberg/bludenz/166792?searchPageNumber=17;2022-07-08
247;/immobilien/wohnung/allgemein/vorarlberg/bludenz/188535?searchPageNumber=17;2022-07-08
248;/immobilien/wohnung/allgemein/vorarlberg/feldkirch/191438?searchPageNumber=17;2022-07-08
249;/immobilien/wohnung/allgemein/vorarlberg/feldkirch/191437?searchPageNumber=17;2022-07-08
250;/immobilien/wohnung/dachgeschosswohnung/vorarlberg/bregenz/191259?searchPageNumber=17;2022-07-08
251;/immobilien/wohnung/dachgeschosswohnung/vorarlberg/bregenz/189362?searchPageNumber=17;2022-07-08
252;/immobilien/wohnung/dachgeschosswohnung/vorarlberg/dornbirn/191431?searchPageNumber=17;2022-07-08
253;/immobilien/wohnung/allgemein/vorarlberg/dornbirn/191435?searchPageNumber=17;2022-07-08
254;/immobilien/wohnung/allgemein/vorarlberg/bludenz/187632?searchPageNumber=17;2022-07-08
255;/immobilien/wohnung/allgemein/vorarlberg/bludenz/183180?searchPageNumber=17;2022-07-08
256;/immobilien/wohnung/allgemein/vorarlberg/bludenz/188965?searchPageNumber=18;2022-07-08
257;/immobilien/wohnung/allgemein/vorarlberg/bludenz/191194?searchPageNumber=18;2022-07-08
258;/immobilien/wohnung/allgemein/vorarlberg/bludenz/191196?searchPageNumber=18;2022-07-08
259;/immobilien/wohnung/allgemein/vorarlberg/bregenz/156526?searchPageNumber=18;2022-07-08
260;/immobilien/wohnung/terrassenwohnung/vorarlberg/feldkirch/191430?searchPageNumber=18;2022-07-08
261;/immobilien/wohnung/gartenwohnung/vorarlberg/dornbirn/107952?searchPageNumber=18;2022-07-08
262;/immobilien/wohnung/gartenwohnung/vorarlberg/feldkirch/190337?searchPageNumber=18;2022-07-08
263;/immobilien/wohnung/allgemein/vorarlberg/feldkirch/186503?searchPageNumber=18;2022-07-08
264;/immobilien/wohnung/allgemein/vorarlberg/feldkirch/189617?searchPageNumber=18;2022-07-08
265;/immobilien/wohnung/terrassenwohnung/vorarlberg/feldkirch/188340?searchPageNumber=18;2022-07-08
266;/immobilien/wohnung/terrassenwohnung/vorarlberg/bregenz/190787?searchPageNumber=18;2022-07-08
267;/immobilien/wohnung/terrassenwohnung/vorarlberg/bregenz/190783?searchPageNumber=18;2022-07-08
268;/immobilien/wohnung/terrassenwohnung/vorarlberg/dornbirn/180156?searchPageNumber=18;2022-07-08
269;/immobilien/wohnung/terrassenwohnung/vorarlberg/feldkirch/187639?searchPageNumber=18;2022-07-08
270;/immobilien/wohnung/dachgeschosswohnung/vorarlberg/dornbirn/183758?searchPageNumber=18;2022-07-08
271;/immobilien/wohnung/dachgeschosswohnung/vorarlberg/dornbirn/190154?searchPageNumber=19;2022-07-08
272;/immobilien/wohnung/allgemein/vorarlberg/feldkirch/179360?searchPageNumber=19;2022-07-08
273;/immobilien/wohnung/allgemein/vorarlberg/feldkirch/191325?searchPageNumber=19;2022-07-08
274;/immobilien/wohnung/allgemein/vorarlberg/feldkirch/179131?searchPageNumber=19;2022-07-08
275;/immobilien/wohnung/allgemein/vorarlberg/feldkirch/178743?searchPageNumber=19;2022-07-08
276;/immobilien/wohnung/allgemein/vorarlberg/feldkirch/179132?searchPageNumber=19;2022-07-08
277;/immobilien/wohnung/allgemein/vorarlberg/feldkirch/178749?searchPageNumber=19;2022-07-08
278;/immobilien/wohnung/allgemein/vorarlberg/feldkirch/178746?searchPageNumber=19;2022-07-08
279;/immobilien/wohnung/allgemein/vorarlberg/feldkirch/189194?searchPageNumber=19;2022-07-08
280;/immobilien/wohnung/allgemein/vorarlberg/feldkirch/173640?searchPageNumber=19;2022-07-08
281;/immobilien/wohnung/allgemein/vorarlberg/feldkirch/174128?searchPageNumber=19;2022-07-08
282;/immobilien/wohnung/allgemein/vorarlberg/feldkirch/174127?searchPageNumber=19;2022-07-08
283;/immobilien/wohnung/allgemein/vorarlberg/feldkirch/179133?searchPageNumber=19;2022-07-08
284;/immobilien/wohnung/allgemein/vorarlberg/feldkirch/174130?searchPageNumber=19;2022-07-08
285;/immobilien/wohnung/allgemein/vorarlberg/dornbirn/191405?searchPageNumber=19;2022-07-08
286;/immobilien/wohnung/souterrain/vorarlberg/feldkirch/184763?searchPageNumber=20;2022-07-08
287;/immobilien/wohnung/dachgeschosswohnung/vorarlberg/feldkirch/186637?searchPageNumber=20;2022-07-08
288;/immobilien/wohnung/allgemein/vorarlberg/bregenz/188910?searchPageNumber=20;2022-07-08
289;/immobilien/wohnung/terrassenwohnung/vorarlberg/feldkirch/190680?searchPageNumber=20;2022-07-08
290;/immobilien/wohnung/allgemein/vorarlberg/feldkirch/158857?searchPageNumber=20;2022-07-08
291;/immobilien/wohnung/allgemein/vorarlberg/feldkirch/188261?searchPageNumber=20;2022-07-08
292;/immobilien/wohnung/dachgeschosswohnung/vorarlberg/bregenz/189966?searchPageNumber=20;2022-07-08
293;/immobilien/wohnung/allgemein/vorarlberg/feldkirch/191370?searchPageNumber=20;2022-07-08
294;/immobilien/wohnung/garconniere/vorarlberg/feldkirch/185687?searchPageNumber=20;2022-07-08
295;/immobilien/wohnung/dachgeschosswohnung/vorarlberg/bregenz/191363?searchPageNumber=20;2022-07-08
296;/immobilien/wohnung/terrassenwohnung/vorarlberg/bregenz/188181?searchPageNumber=20;2022-07-08
297;/immobilien/wohnung/allgemein/vorarlberg/dornbirn/189178?searchPageNumber=20;2022-07-08
298;/immobilien/wohnung/dachgeschosswohnung/vorarlberg/bludenz/191355?searchPageNumber=20;2022-07-08
299;/immobilien/wohnung/terrassenwohnung/vorarlberg/feldkirch/187104?searchPageNumber=20;2022-07-08
300;/immobilien/wohnung/allgemein/vorarlberg/feldkirch/189325?searchPageNumber=20;2022-07-08
301;/immobilien/wohnung/gartenwohnung/vorarlberg/dornbirn/188929?searchPageNumber=21;2022-07-08
302;/immobilien/wohnung/gartenwohnung/vorarlberg/bregenz/182288?searchPageNumber=21;2022-07-08
303;/immobilien/wohnung/dachgeschosswohnung/vorarlberg/feldkirch/191336?searchPageNumber=21;2022-07-08
304;/immobilien/wohnung/allgemein/vorarlberg/feldkirch/188237?searchPageNumber=21;2022-07-08
305;/immobilien/wohnung/allgemein/vorarlberg/feldkirch/190710?searchPageNumber=21;2022-07-08
306;/immobilien/wohnung/gartenwohnung/vorarlberg/bregenz/191313?searchPageNumber=21;2022-07-08
307;/immobilien/wohnung/allgemein/vorarlberg/bregenz/187645?searchPageNumber=21;2022-07-08
308;/immobilien/wohnung/maisonette/vorarlberg/bregenz/160984?searchPageNumber=21;2022-07-08
309;/immobilien/wohnung/gartenwohnung/vorarlberg/dornbirn/186630?searchPageNumber=21;2022-07-08
310;/immobilien/wohnung/terrassenwohnung/vorarlberg/dornbirn/139901?searchPageNumber=21;2022-07-08
311;/immobilien/wohnung/allgemein/vorarlberg/bregenz/191312?searchPageNumber=21;2022-07-08
312;/immobilien/wohnung/gartenwohnung/vorarlberg/feldkirch/141983?searchPageNumber=21;2022-07-08
313;/immobilien/wohnung/allgemein/vorarlberg/dornbirn/191306?searchPageNumber=21;2022-07-08
314;/immobilien/wohnung/allgemein/vorarlberg/dornbirn/169057?searchPageNumber=21;2022-07-08
315;/immobilien/wohnung/allgemein/vorarlberg/dornbirn/191305?searchPageNumber=21;2022-07-08
316;/immobilien/wohnung/dachgeschosswohnung/vorarlberg/dornbirn/100015?searchPageNumber=22;2022-07-08
317;/immobilien/wohnung/allgemein/vorarlberg/dornbirn/188948?searchPageNumber=22;2022-07-08
318;/immobilien/wohnung/dachgeschosswohnung/vorarlberg/dornbirn/191281?searchPageNumber=22;2022-07-08
319;/immobilien/wohnung/allgemein/vorarlberg/feldkirch/187759?searchPageNumber=22;2022-07-08
320;/immobilien/wohnung/dachgeschosswohnung/vorarlberg/feldkirch/187848?searchPageNumber=22;2022-07-08
321;/immobilien/wohnung/gartenwohnung/vorarlberg/feldkirch/191289?searchPageNumber=22;2022-07-08
322;/immobilien/wohnung/allgemein/vorarlberg/feldkirch/190104?searchPageNumber=22;2022-07-08
323;/immobilien/wohnung/maisonette/vorarlberg/feldkirch/182569?searchPageNumber=22;2022-07-08
324;/immobilien/wohnung/allgemein/vorarlberg/feldkirch/191284?searchPageNumber=22;2022-07-08
325;/immobilien/wohnung/terrassenwohnung/vorarlberg/dornbirn/191282?searchPageNumber=22;2022-07-08
326;/immobilien/wohnung/gartenwohnung/vorarlberg/feldkirch/191181?searchPageNumber=22;2022-07-08
327;/immobilien/wohnung/allgemein/vorarlberg/bregenz/191280?searchPageNumber=22;2022-07-08
328;/immobilien/wohnung/gartenwohnung/vorarlberg/bregenz/142947?searchPageNumber=22;2022-07-08
329;/immobilien/wohnung/terrassenwohnung/vorarlberg/bregenz/190785?searchPageNumber=22;2022-07-08
330;/immobilien/wohnung/maisonette/vorarlberg/feldkirch/190102?searchPageNumber=22;2022-07-08
331;/immobilien/wohnung/allgemein/vorarlberg/bregenz/183187?searchPageNumber=23;2022-07-08
332;/immobilien/wohnung/allgemein/vorarlberg/dornbirn/183735?searchPageNumber=23;2022-07-08
333;/immobilien/wohnung/dachgeschosswohnung/vorarlberg/feldkirch/155797?searchPageNumber=23;2022-07-08
334;/immobilien/wohnung/allgemein/vorarlberg/bregenz/189602?searchPageNumber=23;2022-07-08
335;/immobilien/wohnung/allgemein/vorarlberg/bregenz/188239?searchPageNumber=23;2022-07-08
336;/immobilien/wohnung/penthousewohnung/vorarlberg/feldkirch/190509?searchPageNumber=23;2022-07-08
337;/immobilien/wohnung/allgemein/vorarlberg/feldkirch/190125?searchPageNumber=23;2022-07-08
338;/immobilien/wohnung/dachgeschosswohnung/vorarlberg/bludenz/153006?searchPageNumber=23;2022-07-08
339;/immobilien/wohnung/allgemein/vorarlberg/bregenz/189141?searchPageNumber=23;2022-07-08
340;/immobilien/wohnung/allgemein/vorarlberg/dornbirn/187293?searchPageNumber=23;2022-07-08
341;/immobilien/wohnung/allgemein/vorarlberg/bregenz/189088?searchPageNumber=23;2022-07-08
342;/immobilien/wohnung/penthousewohnung/vorarlberg/bregenz/191193?searchPageNumber=23;2022-07-08
343;/immobilien/wohnung/dachgeschosswohnung/vorarlberg/bregenz/191215?searchPageNumber=23;2022-07-08
344;/immobilien/wohnung/gartenwohnung/vorarlberg/feldkirch/189143?searchPageNumber=23;2022-07-08
345;/immobilien/wohnung/zimmer-wg/vorarlberg/bludenz/191203?searchPageNumber=23;2022-07-08
346;/immobilien/wohnung/dachgeschosswohnung/vorarlberg/bregenz/130081?searchPageNumber=24;2022-07-08
347;/immobilien/wohnung/zimmer-wg/vorarlberg/feldkirch/188041?searchPageNumber=24;2022-07-08
348;/immobilien/wohnung/gartenwohnung/vorarlberg/feldkirch/140247?searchPageNumber=24;2022-07-08
349;/immobilien/wohnung/dachgeschosswohnung/vorarlberg/feldkirch/191187?searchPageNumber=24;2022-07-08
350;/immobilien/wohnung/maisonette/vorarlberg/dornbirn/191180?searchPageNumber=24;2022-07-08
351;/immobilien/wohnung/allgemein/vorarlberg/feldkirch/191177?searchPageNumber=24;2022-07-08
352;/immobilien/wohnung/gartenwohnung/vorarlberg/bludenz/191137?searchPageNumber=24;2022-07-08
353;/immobilien/wohnung/allgemein/vorarlberg/dornbirn/191161?searchPageNumber=24;2022-07-08
354;/immobilien/wohnung/allgemein/vorarlberg/dornbirn/191157?searchPageNumber=24;2022-07-08
355;/immobilien/wohnung/dachgeschosswohnung/vorarlberg/bregenz/156549?searchPageNumber=24;2022-07-08
356;/immobilien/wohnung/allgemein/vorarlberg/bregenz/191143?searchPageNumber=24;2022-07-08
357;/immobilien/wohnung/dachgeschosswohnung/vorarlberg/feldkirch/142633?searchPageNumber=24;2022-07-08
358;/immobilien/wohnung/allgemein/vorarlberg/bregenz/190739?searchPageNumber=24;2022-07-08
359;/immobilien/wohnung/terrassenwohnung/vorarlberg/dornbirn/153909?searchPageNumber=24;2022-07-08
360;/immobilien/wohnung/allgemein/vorarlberg/dornbirn/191132?searchPageNumber=24;2022-07-08
361;/immobilien/wohnung/allgemein/vorarlberg/bregenz/191133?searchPageNumber=25;2022-07-08
362;/immobilien/wohnung/allgemein/vorarlberg/feldkirch/191127?searchPageNumber=25;2022-07-08
363;/immobilien/wohnung/loft/vorarlberg/feldkirch/191124?searchPageNumber=25;2022-07-08
364;/immobilien/wohnung/allgemein/vorarlberg/bregenz/191122?searchPageNumber=25;2022-07-08
365;/immobilien/wohnung/gartenwohnung/vorarlberg/feldkirch/191119?searchPageNumber=25;2022-07-08
366;/immobilien/wohnung/terrassenwohnung/vorarlberg/bludenz/191111?searchPageNumber=25;2022-07-08
367;/immobilien/wohnung/allgemein/vorarlberg/bludenz/175832?searchPageNumber=25;2022-07-08
368;/immobilien/wohnung/allgemein/vorarlberg/bregenz/191105?searchPageNumber=25;2022-07-08
369;/immobilien/wohnung/terrassenwohnung/vorarlberg/bregenz/158180?searchPageNumber=25;2022-07-08
370;/immobilien/wohnung/allgemein/vorarlberg/dornbirn/188667?searchPageNumber=25;2022-07-08
371;/immobilien/wohnung/allgemein/vorarlberg/feldkirch/191087?searchPageNumber=25;2022-07-08
372;/immobilien/wohnung/terrassenwohnung/vorarlberg/dornbirn/190937?searchPageNumber=25;2022-07-08
373;/immobilien/wohnung/zimmer-wg/vorarlberg/feldkirch/190944?searchPageNumber=25;2022-07-08
374;/immobilien/wohnung/allgemein/vorarlberg/bregenz/190942?searchPageNumber=25;2022-07-08
375;/immobilien/wohnung/allgemein/vorarlberg/dornbirn/190364?searchPageNumber=25;2022-07-08
376;/immobilien/wohnung/allgemein/vorarlberg/dornbirn/190939?searchPageNumber=26;2022-07-08
377;/immobilien/wohnung/allgemein/vorarlberg/bludenz/189091?searchPageNumber=26;2022-07-08
378;/immobilien/wohnung/allgemein/vorarlberg/bregenz/190806?searchPageNumber=26;2022-07-08
379;/immobilien/wohnung/allgemein/vorarlberg/feldkirch/184516?searchPageNumber=26;2022-07-08
380;/immobilien/wohnung/allgemein/vorarlberg/bregenz/190788?searchPageNumber=26;2022-07-08
381;/immobilien/wohnung/dachgeschosswohnung/vorarlberg/dornbirn/190748?searchPageNumber=26;2022-07-08
382;/immobilien/wohnung/terrassenwohnung/vorarlberg/feldkirch/190727?searchPageNumber=26;2022-07-08
383;/immobilien/wohnung/allgemein/vorarlberg/feldkirch/180808?searchPageNumber=26;2022-07-08
384;/immobilien/wohnung/allgemein/vorarlberg/bludenz/91000?searchPageNumber=26;2022-07-08
385;/immobilien/wohnung/gartenwohnung/vorarlberg/feldkirch/189934?searchPageNumber=26;2022-07-08
386;/immobilien/wohnung/allgemein/vorarlberg/dornbirn/189967?searchPageNumber=26;2022-07-08
387;/immobilien/wohnung/dachgeschosswohnung/vorarlberg/bregenz/182525?searchPageNumber=26;2022-07-08
388;/immobilien/wohnung/terrassenwohnung/vorarlberg/bregenz/182524?searchPageNumber=26;2022-07-08
389;/immobilien/wohnung/dachgeschosswohnung/vorarlberg/bregenz/190722?searchPageNumber=26;2022-07-08
390;/immobilien/wohnung/allgemein/vorarlberg/feldkirch/189169?searchPageNumber=26;2022-07-08
391;/immobilien/wohnung/dachgeschosswohnung/vorarlberg/bregenz/173780?searchPageNumber=27;2022-07-08
392;/immobilien/wohnung/dachgeschosswohnung/vorarlberg/dornbirn/190681?searchPageNumber=27;2022-07-08
393;/immobilien/wohnung/allgemein/vorarlberg/feldkirch/189806?searchPageNumber=27;2022-07-08
394;/immobilien/wohnung/terrassenwohnung/vorarlberg/bludenz/190546?searchPageNumber=27;2022-07-08
395;/immobilien/wohnung/terrassenwohnung/vorarlberg/dornbirn/187123?searchPageNumber=27;2022-07-08
396;/immobilien/wohnung/gartenwohnung/vorarlberg/dornbirn/187217?searchPageNumber=27;2022-07-08
397;/immobilien/wohnung/gartenwohnung/vorarlberg/dornbirn/187218?searchPageNumber=27;2022-07-08
398;/immobilien/wohnung/gartenwohnung/vorarlberg/dornbirn/155265?searchPageNumber=27;2022-07-08
399;/immobilien/wohnung/penthousewohnung/vorarlberg/dornbirn/167965?searchPageNumber=27;2022-07-08
400;/immobilien/wohnung/dachgeschosswohnung/vorarlberg/dornbirn/174006?searchPageNumber=27;2022-07-08
401;/immobilien/wohnung/allgemein/vorarlberg/bludenz/181739?searchPageNumber=27;2022-07-08
402;/immobilien/wohnung/terrassenwohnung/vorarlberg/dornbirn/181595?searchPageNumber=27;2022-07-08
403;/immobilien/wohnung/gartenwohnung/vorarlberg/dornbirn/169007?searchPageNumber=27;2022-07-08
404;/immobilien/wohnung/allgemein/vorarlberg/bregenz/190548?searchPageNumber=27;2022-07-08
405;/immobilien/wohnung/allgemein/vorarlberg/bregenz/190530?searchPageNumber=27;2022-07-08
406;/immobilien/wohnung/allgemein/vorarlberg/dornbirn/183182?searchPageNumber=28;2022-07-08
407;/immobilien/wohnung/dachgeschosswohnung/vorarlberg/feldkirch/147304?searchPageNumber=28;2022-07-08
408;/immobilien/wohnung/allgemein/vorarlberg/dornbirn/184796?searchPageNumber=28;2022-07-08
409;/immobilien/wohnung/terrassenwohnung/vorarlberg/dornbirn/190380?searchPageNumber=28;2022-07-08
410;/immobilien/wohnung/dachgeschosswohnung/vorarlberg/feldkirch/190349?searchPageNumber=28;2022-07-08
411;/immobilien/wohnung/allgemein/vorarlberg/bregenz/190368?searchPageNumber=28;2022-07-08
412;/immobilien/wohnung/terrassenwohnung/vorarlberg/dornbirn/181252?searchPageNumber=28;2022-07-08
413;/immobilien/wohnung/gartenwohnung/vorarlberg/dornbirn/181249?searchPageNumber=28;2022-07-08
414;/immobilien/wohnung/allgemein/vorarlberg/feldkirch/190189?searchPageNumber=28;2022-07-08
415;/immobilien/wohnung/terrassenwohnung/vorarlberg/feldkirch/189956?searchPageNumber=28;2022-07-08
416;/immobilien/wohnung/allgemein/vorarlberg/bregenz/190184?searchPageNumber=28;2022-07-08
417;/immobilien/wohnung/allgemein/vorarlberg/dornbirn/190181?searchPageNumber=28;2022-07-08
418;/immobilien/wohnung/allgemein/vorarlberg/bregenz/190176?searchPageNumber=28;2022-07-08
419;/immobilien/wohnung/allgemein/vorarlberg/bludenz/186308?searchPageNumber=28;2022-07-08
420;/immobilien/wohnung/terrassenwohnung/vorarlberg/bludenz/87582?searchPageNumber=28;2022-07-08
421;/immobilien/wohnung/zimmer-wg/vorarlberg/bludenz/190100?searchPageNumber=29;2022-07-08
422;/immobilien/wohnung/allgemein/vorarlberg/feldkirch/189983?searchPageNumber=29;2022-07-08
423;/immobilien/wohnung/dachgeschosswohnung/vorarlberg/feldkirch/189982?searchPageNumber=29;2022-07-08
424;/immobilien/wohnung/allgemein/vorarlberg/feldkirch/189981?searchPageNumber=29;2022-07-08
425;/immobilien/wohnung/allgemein/vorarlberg/feldkirch/189975?searchPageNumber=29;2022-07-08
426;/immobilien/wohnung/allgemein/vorarlberg/dornbirn/188694?searchPageNumber=29;2022-07-08
427;/immobilien/wohnung/allgemein/vorarlberg/dornbirn/185929?searchPageNumber=29;2022-07-08
428;/immobilien/wohnung/allgemein/vorarlberg/dornbirn/181282?searchPageNumber=29;2022-07-08
429;/immobilien/wohnung/allgemein/vorarlberg/dornbirn/159903?searchPageNumber=29;2022-07-08
430;/immobilien/wohnung/allgemein/vorarlberg/dornbirn/188039?searchPageNumber=29;2022-07-08
431;/immobilien/wohnung/allgemein/vorarlberg/dornbirn/184760?searchPageNumber=29;2022-07-08
432;/immobilien/wohnung/penthousewohnung/vorarlberg/feldkirch/189612?searchPageNumber=29;2022-07-08
433;/immobilien/wohnung/allgemein/vorarlberg/feldkirch/185799?searchPageNumber=29;2022-07-08
434;/immobilien/wohnung/allgemein/vorarlberg/bludenz/189407?searchPageNumber=29;2022-07-08
435;/immobilien/wohnung/allgemein/vorarlberg/feldkirch/189379?searchPageNumber=29;2022-07-08
436;/immobilien/wohnung/allgemein/vorarlberg/feldkirch/185088?searchPageNumber=30;2022-07-08
437;/immobilien/wohnung/terrassenwohnung/vorarlberg/bludenz/131906?searchPageNumber=30;2022-07-08
438;/immobilien/wohnung/zimmer-wg/vorarlberg/feldkirch/189312?searchPageNumber=30;2022-07-08
439;/immobilien/wohnung/allgemein/vorarlberg/dornbirn/189303?searchPageNumber=30;2022-07-08
440;/immobilien/wohnung/allgemein/vorarlberg/feldkirch/185708?searchPageNumber=30;2022-07-08
441;/immobilien/wohnung/allgemein/vorarlberg/feldkirch/178785?searchPageNumber=30;2022-07-08
442;/immobilien/wohnung/loft/vorarlberg/feldkirch/186684?searchPageNumber=30;2022-07-08
443;/immobilien/wohnung/allgemein/vorarlberg/feldkirch/186683?searchPageNumber=30;2022-07-08
444;/immobilien/wohnung/terrassenwohnung/vorarlberg/feldkirch/186682?searchPageNumber=30;2022-07-08
445;/immobilien/wohnung/allgemein/vorarlberg/dornbirn/186868?searchPageNumber=30;2022-07-08
446;/immobilien/wohnung/allgemein/vorarlberg/feldkirch/185053?searchPageNumber=30;2022-07-08
447;/immobilien/wohnung/dachgeschosswohnung/vorarlberg/feldkirch/180616?searchPageNumber=30;2022-07-08
448;/immobilien/wohnung/maisonette/vorarlberg/bregenz/185323?searchPageNumber=30;2022-07-08
449;/immobilien/wohnung/allgemein/vorarlberg/dornbirn/182754?searchPageNumber=30;2022-07-08
450;/immobilien/wohnung/allgemein/vorarlberg/bludenz/152286?searchPageNumber=30;2022-07-08
